"Date","Open","High","Low","Close","Shares.Traded","Turnover..Rs..Cr."
"01-Jan-2014",6323.8,6327.2,6298.25,6301.65,69567668,2015.36
"02-Jan-2014",6301.25,6358.3,6211.3,6221.15,158132556,5249.79
"03-Jan-2014",6194.55,6221.7,6171.25,6211.15,139043889,5369.42
"06-Jan-2014",6220.85,6224.7,6170.25,6191.45,118344976,4722.67
"07-Jan-2014",6203.9,6221.5,6144.75,6162.25,138559000,5696.6
"08-Jan-2014",6178.05,6192.1,6160.35,6174.6,146912639,5816.54
"09-Jan-2014",6181.7,6188.05,6148.25,6168.35,150064466,5908.02
"10-Jan-2014",6178.85,6239.1,6139.6,6171.45,159920407,7347.29
"13-Jan-2014",6189.55,6288.2,6189.55,6272.75,135009945,5984.02
"14-Jan-2014",6260.25,6280.35,6234.15,6241.85,110231153,4703.01
"15-Jan-2014",6265.95,6325.2,6265.3,6320.9,145922867,6422.97
"16-Jan-2014",6341.35,6346.5,6299.85,6318.9,153420441,6758.63
"17-Jan-2014",6306.25,6327.1,6246.35,6261.65,167719501,7895.92
"20-Jan-2014",6261.75,6307.45,6243.35,6303.95,122136071,5499.51
"21-Jan-2014",6320.15,6330.3,6297.9,6313.8,141728380,5831.26
"22-Jan-2014",6309.05,6349.95,6287.45,6338.95,137490525,5635.92
"23-Jan-2014",6325.95,6355.6,6316.4,6345.65,120054602,5278.88
"24-Jan-2014",6301.65,6331.45,6263.9,6266.75,160270856,6209.06
"27-Jan-2014",6186.3,6188.55,6130.25,6135.85,190442601,7091.1
"28-Jan-2014",6131.85,6163.6,6085.95,6126.25,184111740,7710.08
"29-Jan-2014",6161,6170.45,6109.8,6120.25,146733030,6487.39
"30-Jan-2014",6067,6082.85,6027.25,6073.7,208061426,7694.04
"31-Jan-2014",6082.75,6097.85,6067.35,6089.5,146713083,5407.1
"03-Feb-2014",6058.8,6074.85,5994.45,6001.8,134893587,4635.69
"04-Feb-2014",5947.6,6017.8,5933.3,6000.9,183252654,6075.02
"05-Feb-2014",6004.25,6028.05,5962.05,6022.4,166627311,5572.13
"06-Feb-2014",6028.35,6048.35,5965.4,6036.3,185503324,6291.97
"07-Feb-2014",6077.65,6079.95,6030.9,6063.2,181932292,5591.39
"10-Feb-2014",6072.8,6083.05,6046.4,6053.45,133070328,4762.89
"11-Feb-2014",6072.45,6081.85,6053.25,6062.7,150520900,5268.8
"12-Feb-2014",6085.35,6106.6,6077.4,6084,138547391,5351.08
"13-Feb-2014",6087.55,6094.4,5991.1,6001.1,153652371,5037.18
"14-Feb-2014",6023.75,6056.4,5984.6,6048.35,140204479,5539.7
"17-Feb-2014",6057.1,6080.65,6038.3,6073.3,108492457,4455.65
"18-Feb-2014",6071.3,6141.7,6066.8,6127.1,126639146,4592.38
"19-Feb-2014",6132.05,6160.35,6125.75,6152.75,95248833,3735.52
"20-Feb-2014",6127.15,6129.1,6086.45,6091.45,132108928,4344.77
"21-Feb-2014",6108.3,6159.65,6108,6155.45,112596128,4001.93
"24-Feb-2014",6140.95,6191.85,6130.8,6186.1,144877047,4424.81
"25-Feb-2014",6205.7,6216.85,6176.6,6200.05,146259298,4782.95
"26-Feb-2014",6202.45,6245.95,6202.1,6238.8,181663811,6641.33
"28-Feb-2014",6228.45,6282.7,6228.1,6276.95,209914263,7869.42
"03-Mar-2014",6264.35,6277.75,6212.25,6221.45,144562338,5040.12
"04-Mar-2014",6216.75,6302.15,6215.7,6297.95,166818924,5550.29
"05-Mar-2014",6328.45,6336.25,6287.8,6328.65,160300066,5754.58
"06-Mar-2014",6344.75,6406.6,6339.7,6401.15,180731810,5844.96
"07-Mar-2014",6413.95,6537.8,6413.55,6526.65,284922346,11368.15
"10-Mar-2014",6491.7,6562.2,6487.35,6537.25,242143703,9992.74
"11-Mar-2014",6537.35,6562.85,6494.25,6511.9,238994883,8268.67
"12-Mar-2014",6497.5,6546.15,6487.3,6516.9,174977068,6176.54
"13-Mar-2014",6491.75,6561.45,6476.65,6493.1,167858387,8356.1
"14-Mar-2014",6447.25,6518.45,6432.7,6504.2,177336088,7114.55
"18-Mar-2014",6532.45,6574.95,6497.65,6516.65,179308616,7268.52
"19-Mar-2014",6530,6541.2,6506,6524.05,172464722,7666.24
"20-Mar-2014",6508.35,6523.65,6473.25,6483.1,141984189,6280.76
"21-Mar-2014",6515.2,6522.9,6485.7,6493.2,189854420,8841.94
"22-Mar-2014",6497.8,6502.65,6481.35,6494.9,9774392,373.66
"24-Mar-2014",6510.5,6591.5,6510.5,6583.5,158395722,6633.77
"25-Mar-2014",6550.1,6595.55,6544.85,6589.75,168125064,6475.61
"26-Mar-2014",6615.65,6627.45,6580.6,6601.4,186570474,7046.34
"27-Mar-2014",6613.1,6673.95,6599.5,6641.75,312383468,12924.37
"28-Mar-2014",6673.05,6702.6,6643.8,6695.9,134114378,6862.55
"31-Mar-2014",6723.15,6730.05,6662.4,6704.2,177579421,7743.3
"01-Apr-2014",6729.5,6732.25,6675.45,6721.05,147136671,7174.14
"02-Apr-2014",6757.6,6763.5,6723.6,6752.55,173335875,8007.75
"03-Apr-2014",6772.05,6776.75,6696.9,6736.1,197546648,7738.58
"04-Apr-2014",6741.85,6741.85,6685.15,6694.35,155127592,6676.88
"07-Apr-2014",6694.25,6725.15,6650.4,6695.05,133947319,6707.01
"09-Apr-2014",6722,6808.7,6705.1,6796.2,169794626,8892.66
"10-Apr-2014",6803.05,6819.05,6777.3,6796.4,191125947,9079.6
"11-Apr-2014",6758.35,6789.35,6743.15,6776.3,140734579,7463.19
"15-Apr-2014",6792.7,6813.4,6711.75,6733.1,123197822,7100.26
"16-Apr-2014",6727.25,6748.65,6665.15,6675.3,119768833,6168.64
"17-Apr-2014",6695.45,6783.05,6684.4,6779.4,131488368,6952.58
"21-Apr-2014",6789.25,6825.45,6786.9,6817.65,111840313,5711.98
"22-Apr-2014",6822.9,6838,6806.25,6815.35,114693049,5636.78
"23-Apr-2014",6823.25,6861.6,6820.75,6840.8,182972972,9247.25
"25-Apr-2014",6855.8,6869.85,6772.85,6782.75,154320793,8021.33
"28-Apr-2014",6778.55,6786.25,6750.3,6761.25,118162668,6297.18
"29-Apr-2014",6769,6779.7,6708.65,6715.25,115511531,5459.34
"30-Apr-2014",6724.95,6780.15,6656.8,6696.4,161106871,7066.78
"02-May-2014",6709.95,6737.65,6689.5,6694.8,114275323,5030.42
"05-May-2014",6681.65,6741.05,6680.45,6699.35,104989653,4881.32
"06-May-2014",6719.25,6743.45,6701.9,6715.3,88291413,4168.72
"07-May-2014",6708.6,6718.75,6642.9,6652.55,114099791,6513.29
"08-May-2014",6669.9,6688.4,6638.55,6659.85,101549745,5413.39
"09-May-2014",6654.15,6871.35,6652.15,6858.8,166442779,8027.14
"12-May-2014",6863.4,7020.05,6862.9,7014.25,157725090,8475.17
"13-May-2014",7080,7172.35,7067.15,7108.75,232221733,10573.11
"14-May-2014",7112,7142.25,7080.9,7108.75,177204155,9395.8
"15-May-2014",7111.3,7152.55,7082.55,7123.15,186848485,8947.95
"16-May-2014",7270.2,7563.5,7130.65,7203,393156741,21057.07
"19-May-2014",7276.85,7291.1,7193.55,7263.55,316246557,15228.6
"20-May-2014",7309.95,7353.65,7247.7,7275.5,255333095,11139.51
"21-May-2014",7274.85,7287.15,7206.7,7252.9,203137825,9544.12
"22-May-2014",7289.95,7319.55,7258.15,7276.4,240943899,10104.55
"23-May-2014",7306.5,7381,7293.9,7367.1,259638086,12002.13
"26-May-2014",7428.75,7504,7269.05,7359.05,273236339,13203.73
"27-May-2014",7363.1,7372.95,7274.75,7318,168599276,7931.22
"28-May-2014",7324.95,7344.75,7302.6,7329.65,175595609,8929.71
"29-May-2014",7316.6,7325.4,7224.4,7235.65,241115398,13385.17
"30-May-2014",7254.85,7272.5,7118.45,7229.95,312152571,13837.29
"02-Jun-2014",7264.05,7368.6,7239.5,7362.5,169891181,7833.43
"03-Jun-2014",7375.35,7424.95,7342.15,7415.85,234680218,10354.94
"04-Jun-2014",7417.55,7433.3,7391.35,7402.25,204592241,8913.89
"05-Jun-2014",7399.75,7484.7,7360.5,7474.1,250660653,11574.51
"06-Jun-2014",7521.5,7592.7,7497.65,7583.4,248397596,12322.96
"09-Jun-2014",7621.65,7673.7,7580.25,7654.6,231879926,10866.56
"10-Jun-2014",7679.05,7683.2,7579.3,7656.4,188669182,9475.21
"11-Jun-2014",7672.4,7700.05,7589.05,7626.85,186182446,10472.71
"12-Jun-2014",7641.3,7658,7593.8,7649.9,148207144,8187.49
"13-Jun-2014",7668.2,7678.5,7525.35,7542.1,174522339,11254.75
"16-Jun-2014",7534.8,7548.6,7487.55,7533.55,155377979,8449.27
"17-Jun-2014",7525.05,7637.6,7509.25,7631.7,157961787,8704.2
"18-Jun-2014",7636.05,7663,7515.5,7558.2,165078941,8963.97
"19-Jun-2014",7580.05,7606.45,7502.55,7540.7,148852437,8115.36
"20-Jun-2014",7543.3,7560.55,7497.3,7511.45,124132217,6801.49
"23-Jun-2014",7514,7534.8,7441.6,7493.35,127404790,6543.64
"24-Jun-2014",7515.2,7593.35,7515.2,7580.2,137002483,7146.44
"25-Jun-2014",7588.55,7589.25,7557.05,7569.25,114968325,6198.93
"26-Jun-2014",7554.1,7570.2,7481.3,7493.2,171676960,9190.64
"27-Jun-2014",7514.2,7538.75,7482.3,7508.8,126673395,6688.8
"30-Jun-2014",7534.05,7623.65,7531.6,7611.35,152303166,7887.37
"01-Jul-2014",7629,7649.5,7618.15,7634.7,139431498,6983.63
"02-Jul-2014",7683.05,7732.4,7677.3,7725.15,136324329,7363.75
"03-Jul-2014",7734.35,7754.65,7706.8,7714.8,133755275,7320.09
"04-Jul-2014",7718.1,7758,7661.3,7751.6,113070488,5863.82
"07-Jul-2014",7780.4,7792,7755.1,7787.15,173926355,8925.04
"08-Jul-2014",7804.05,7808.85,7595.9,7623.2,180646306,9002.25
"09-Jul-2014",7637.95,7650.1,7551.65,7585,168348843,8176.28
"10-Jul-2014",7589.5,7731.05,7479.05,7567.75,258385778,11431.68
"11-Jul-2014",7584.1,7625.85,7447.2,7459.6,187592951,8983.29
"14-Jul-2014",7469,7478.45,7422.15,7454.15,135231220,6659.48
"15-Jul-2014",7491.3,7534.9,7459.15,7526.65,122068670,6124.15
"16-Jul-2014",7564.15,7640.1,7532.45,7624.4,167973291,8186.24
"17-Jul-2014",7612.7,7655.65,7612.7,7640.45,141612002,6753.11
"18-Jul-2014",7630.25,7685,7595.5,7663.9,134603073,6903.7
"21-Jul-2014",7701.65,7722.1,7674,7684.2,105401279,5794.45
"22-Jul-2014",7708.2,7773.85,7704.8,7767.85,120081148,6494.69
"23-Jul-2014",7794.9,7809.2,7752.9,7795.75,122119113,7062.52
"24-Jul-2014",7796.25,7835.65,7771.65,7830.6,117608370,6271.45
"25-Jul-2014",7828.2,7840.95,7748.6,7790.45,153936037,7827.61
"28-Jul-2014",7792.9,7799.9,7722.65,7748.7,116534670,6107.78
"30-Jul-2014",7746.2,7798.7,7707.6,7791.4,178110084,10175.5
"31-Jul-2014",7784.65,7791.85,7711.15,7721.3,208857257,11718.26
"01-Aug-2014",7662.5,7716.7,7593.9,7602.6,181070405,9796.7
"04-Aug-2014",7639.55,7694.8,7622.05,7683.65,137040004,7495.07
"05-Aug-2014",7706.65,7752.45,7638.05,7746.55,128238762,6772.55
"06-Aug-2014",7726.15,7740.95,7658.95,7672.05,116361342,6905.9
"07-Aug-2014",7651.15,7708.95,7630.4,7649.25,116792296,6030.02
"08-Aug-2014",7588.7,7592.45,7540.1,7568.55,118429659,6283.56
"11-Aug-2014",7619.85,7635.55,7598.6,7625.95,106972573,5535.13
"12-Aug-2014",7688.8,7735.75,7654.8,7727.05,120611660,6181.17
"13-Aug-2014",7717.3,7757.1,7695.7,7739.55,154083920,8030.41
"14-Aug-2014",7756.15,7796.7,7739.1,7791.7,127328105,6745.33
"18-Aug-2014",7785.25,7880.5,7779.2,7874.25,126742201,6892.25
"19-Aug-2014",7901,7918.55,7881.15,7897.5,140615189,7928.8
"20-Aug-2014",7915.8,7922.7,7864.05,7875.3,117321408,6234.79
"21-Aug-2014",7875.35,7919.65,7855.95,7891.1,115221672,7502.01
"22-Aug-2014",7904.55,7929.05,7900.05,7913.2,104074858,7088.03
"25-Aug-2014",7931.75,7968.25,7897.95,7906.3,118465594,6152.32
"26-Aug-2014",7874.5,7915.45,7862.45,7904.75,142829732,6735.18
"27-Aug-2014",7933.9,7946.85,7916.55,7936.05,119961224,6261.16
"28-Aug-2014",7942.25,7967.8,7939.2,7954.35,189698796,10417.14
"01-Sep-2014",7990.35,8035,7984,8027.7,139328061,6944.65
"02-Sep-2014",8038.6,8101.95,8036.55,8083.05,134897503,7143.64
"03-Sep-2014",8110.85,8141.9,8092.25,8114.6,150726992,8444.29
"04-Sep-2014",8114.2,8114.8,8060.9,8095.95,141280504,6925.82
"05-Sep-2014",8099.9,8122.7,8049.85,8086.85,125981094,6559.7
"08-Sep-2014",8132.95,8180.2,8126.15,8173.9,120694390,6623.08
"09-Sep-2014",8161.9,8174.55,8126.5,8152.95,104740540,5364.95
"10-Sep-2014",8135.55,8135.75,8082.1,8094.1,107064326,5561.6
"11-Sep-2014",8115.15,8127.95,8057.3,8085.7,122818159,6492.35
"12-Sep-2014",8087.05,8114.3,8071.6,8105.5,111444349,6156.73
"15-Sep-2014",8070.35,8077.3,8030,8042,96502556,5387.06
"16-Sep-2014",8036.6,8044.9,7925.15,7932.9,127952551,6647.49
"17-Sep-2014",7971.5,7990.65,7936.95,7975.5,123722390,6689.37
"18-Sep-2014",7950.65,8120.85,7939.7,8114.75,116930309,6891.09
"19-Sep-2014",8129.4,8160.9,8105.35,8121.45,161284509,8957.42
"22-Sep-2014",8084.45,8159.9,8064.8,8146.3,105507265,5710.43
"23-Sep-2014",8144.4,8159.75,8008.1,8017.55,140780912,7947.61
"24-Sep-2014",8015.55,8042.05,7950.05,8002.4,182208501,7981.87
"25-Sep-2014",8003.3,8019.3,7877.35,7911.85,231899016,11692.69
"26-Sep-2014",7885.85,7993.3,7841.8,7968.85,147835866,8247.78
"29-Sep-2014",7978.45,7991.75,7934.7,7958.9,97267975,5089.35
"30-Sep-2014",7948.8,8030.9,7923.85,7964.8,141142071,7467.66
"01-Oct-2014",7960.5,7977.5,7936.7,7945.55,112997913,5979.61
"07-Oct-2014",7897.4,7943.05,7842.7,7852.4,148199508,7982.75
"08-Oct-2014",7828.75,7869.9,7815.75,7842.7,135914083,7408.61
"09-Oct-2014",7886.5,7972.35,7886.5,7960.55,123767811,6797.45
"10-Oct-2014",7911,7924.05,7848.45,7859.95,142926893,8473.9
"13-Oct-2014",7831,7901.15,7796,7884.25,118781369,6584.44
"14-Oct-2014",7923.25,7928,7825.45,7864,225472732,7709
"16-Oct-2014",7837.3,7893.9,7729.65,7748.2,213529479,9087.06
"17-Oct-2014",7733.75,7819.2,7723.85,7779.7,177623196,9626.9
"20-Oct-2014",7896.95,7905.95,7856.95,7879.4,176171562,8357.41
"21-Oct-2014",7906.15,7936.6,7874.35,7927.75,163403385,8432.94
"22-Oct-2014",7997.8,8005,7974.55,7995.9,151104463,7301.77
"23-Oct-2014",8027.7,8031.75,8008.85,8014.55,19640498,915.37
"27-Oct-2014",8064.35,8064.4,7985.65,7991.7,132824881,6511.8
"28-Oct-2014",8002.4,8037.8,7995.05,8027.6,124058566,6993.84
"29-Oct-2014",8077.05,8097.95,8052.25,8090.45,148313096,7406
"30-Oct-2014",8085.2,8181.55,8085.2,8169.2,205666559,11023.46
"31-Oct-2014",8200.8,8330.75,8198.05,8322.2,176165086,9450.53
"03-Nov-2014",8348.15,8350.6,8297.65,8324.15,141090166,7439.54
"05-Nov-2014",8351.25,8365.55,8323.5,8338.3,161614922,9021.74
"07-Nov-2014",8331.85,8360.35,8290.25,8337,153433693,11379.2
"10-Nov-2014",8337.8,8383.05,8304.45,8344.25,130749013,6932.28
"11-Nov-2014",8354.1,8378.7,8321.85,8362.65,122010840,6559.73
"12-Nov-2014",8378.9,8415.05,8370.5,8383.3,125243330,6535.31
"13-Nov-2014",8405.25,8408,8320.35,8357.85,127361048,6511.91
"14-Nov-2014",8360.7,8400.65,8346.8,8389.9,146768580,7849.19
"17-Nov-2014",8378.4,8438.1,8349.1,8430.75,113879138,7270.5
"18-Nov-2014",8441.25,8454.5,8407.25,8425.9,134678948,7323.18
"19-Nov-2014",8440.65,8455.65,8360.5,8382.3,125399132,6997.58
"20-Nov-2014",8406.5,8410.85,8353.15,8401.9,122775989,6218.34
"21-Nov-2014",8408.2,8489.8,8398.6,8477.35,137015453,7889.99
"24-Nov-2014",8490.95,8534.65,8490.8,8530.15,140657508,7180.3
"25-Nov-2014",8530.8,8535.35,8429.45,8463.1,271914173,12210.62
"26-Nov-2014",8450.3,8500.3,8438.65,8475.75,151922494,7123.76
"27-Nov-2014",8477.8,8506.75,8456.35,8494.2,194298604,9556.05
"28-Nov-2014",8516.8,8617,8516.25,8588.25,197214619,10053.47
"01-Dec-2014",8605.1,8623,8545.15,8555.9,151990638,8565.14
"02-Dec-2014",8535.45,8560.2,8504.65,8524.7,137386984,6753.13
"03-Dec-2014",8528.7,8546.95,8508.35,8537.65,153199341,7664.86
"04-Dec-2014",8582.4,8626.95,8526.4,8564.4,143477230,6687.99
"05-Dec-2014",8584.25,8588.35,8523.9,8538.3,143345553,6452.4
"08-Dec-2014",8538.65,8546.35,8432.25,8438.25,163819529,13929.39
"09-Dec-2014",8439.3,8444.5,8330.5,8340.7,146266705,7115.31
"10-Dec-2014",8318.05,8376.8,8317,8355.65,136656345,6738.18
"11-Dec-2014",8338.85,8348.3,8272.4,8292.9,133862999,6718.85
"12-Dec-2014",8302,8321.9,8216.3,8224.1,138080911,6894.03
"15-Dec-2014",8160.75,8242.4,8152.5,8219.6,137140608,6720.94
"16-Dec-2014",8172.6,8189.35,8052.6,8067.6,197337631,8920.29
"17-Dec-2014",8041.2,8082,7961.35,8029.8,216216145,9966.02
"18-Dec-2014",8138.9,8174.3,8084.9,8159.3,162112021,7352.6
"19-Dec-2014",8230.45,8263.45,8208.6,8225.2,174796496,8246.76
"22-Dec-2014",8255,8330.95,8228.2,8324,139159658,5745.04
"23-Dec-2014",8324.6,8364.75,8252.85,8267,132190368,5629.52
"24-Dec-2014",8272.05,8286.4,8155.25,8174.1,221905876,11229.76
"26-Dec-2014",8204.8,8234.55,8147.95,8200.7,75528707,2995.12
"29-Dec-2014",8214.7,8279.15,8214.7,8246.3,82086035,3340.07
"30-Dec-2014",8260.3,8268.25,8220.55,8248.25,77695770,3460.46
"31-Dec-2014",8243.9,8291,8243.75,8282.7,84532600,4221.32
"01-Jan-2015",8272.8,8294.7,8248.75,8284,56560411,2321.88
"02-Jan-2015",8288.7,8410.6,8288.7,8395.45,101887024,4715.72
"05-Jan-2015",8407.95,8445.6,8363.9,8378.4,118160545,5525.52
"06-Jan-2015",8325.3,8327.85,8111.35,8127.35,172799618,8089.19
"07-Jan-2015",8118.65,8151.2,8065.45,8102.1,164075424,7464.33
"08-Jan-2015",8191.4,8243.5,8167.3,8234.6,143802802,8147.4
"09-Jan-2015",8285.45,8303.3,8190.8,8284.5,152612528,9305.95
"12-Jan-2015",8291.35,8332.6,8245.6,8323,103153908,5437.76
"13-Jan-2015",8346.15,8356.65,8267.9,8299.4,129561892,6499.2
"14-Jan-2015",8307.25,8326.45,8236.65,8277.55,150621631,7020.91
"15-Jan-2015",8424.5,8527.1,8380.55,8494.15,232138802,10725.62
"16-Jan-2015",8504.05,8530.75,8452.25,8513.8,181365905,8690.54
"19-Jan-2015",8550.05,8570.95,8531.5,8550.7,129346422,6292.59
"20-Jan-2015",8575.1,8707.9,8574.5,8695.6,158713840,7838.19
"21-Jan-2015",8719.65,8741.85,8689.6,8729.5,191651012,9735.99
"22-Jan-2015",8745.85,8774.15,8727,8761.4,180912372,9025.95
"23-Jan-2015",8827.95,8866.4,8795.4,8835.6,197124706,9716.57
"27-Jan-2015",8871.35,8925.05,8825.45,8910.5,192010521,9988.36
"28-Jan-2015",8902.75,8985.05,8874.05,8914.3,190805926,10313.46
"29-Jan-2015",8901.5,8966.65,8861.25,8952.35,264245843,13427.54
"30-Jan-2015",8996.6,8996.6,8775.1,8808.9,275587957,12385.18
"02-Feb-2015",8802.5,8840.8,8751.1,8797.4,216556534,10430.34
"03-Feb-2015",8823.15,8837.3,8726.65,8756.55,208672175,9888.1
"04-Feb-2015",8789.15,8792.85,8704.4,8723.7,201252375,8707.82
"05-Feb-2015",8733.1,8838.45,8683.65,8711.7,179008853,9126.1
"06-Feb-2015",8696.85,8726.2,8645.55,8661.05,176554075,7912.1
"09-Feb-2015",8584.4,8605.55,8516.35,8526.35,151329604,6863.17
"10-Feb-2015",8478.1,8646.25,8470.5,8565.55,202294693,9965.76
"11-Feb-2015",8603.3,8651.95,8593.65,8627.4,166560867,7602.46
"12-Feb-2015",8676.95,8732.55,8599.25,8711.55,163681352,7669.87
"13-Feb-2015",8741.5,8822.1,8729.65,8805.5,228807812,10248.41
"16-Feb-2015",8831.4,8870.1,8793.4,8809.35,140637331,7047.32
"18-Feb-2015",8811.55,8894.3,8808.9,8869.1,152152801,10153.74
"19-Feb-2015",8883.05,8913.45,8794.45,8895.3,219867400,9794.26
"20-Feb-2015",8895.5,8899.95,8816.3,8833.6,203714864,8193.56
"23-Feb-2015",8856.85,8869,8736.1,8754.95,143932325,7171.05
"24-Feb-2015",8772.9,8800.5,8726.75,8762.1,154368611,7413.31
"25-Feb-2015",8801.9,8840.65,8751.4,8767.25,139406599,6986.78
"26-Feb-2015",8779,8786.05,8669.45,8683.85,224185492,10531.16
"27-Feb-2015",8729.5,8856.95,8717.45,8844.6,257226273,11924.49
"28-Feb-2015",8913.05,8941.1,8751.35,8901.85,246453954,10064.41
"02-Mar-2015",8953.85,8972.35,8885.45,8956.75,224772586,11525.5
"03-Mar-2015",8962.85,9008.4,8925.55,8996.25,183251960,9033.61
"04-Mar-2015",9109.15,9119.2,8893.95,8922.65,256060375,12130.98
"05-Mar-2015",8929.4,8957.55,8849.35,8937.75,165081476,8250.55
"09-Mar-2015",8891.15,8891.3,8740.45,8756.75,160332840,8132.43
"10-Mar-2015",8769.75,8778,8677.35,8712.05,168916337,8402.33
"11-Mar-2015",8728.75,8755.6,8682.35,8699.95,178053293,8259.67
"12-Mar-2015",8740.65,8787.2,8732.9,8776,179337979,8184.46
"13-Mar-2015",8844.05,8849.75,8631.75,8647.75,184665971,8121.26
"16-Mar-2015",8656.75,8663.55,8612,8633.15,168438040,7559.94
"17-Mar-2015",8689.1,8742.55,8630.8,8723.3,182504639,8086.26
"18-Mar-2015",8742.9,8747.25,8664,8685.9,161153533,8227.5
"19-Mar-2015",8749.45,8788.2,8614.65,8634.65,168628424,8460.35
"20-Mar-2015",8627.9,8627.9,8553,8570.9,179982752,8484.23
"23-Mar-2015",8591.55,8608.35,8540.55,8550.9,155425780,6195.45
"24-Mar-2015",8537.05,8627.75,8535.85,8542.95,161465466,7913.26
"25-Mar-2015",8568.9,8573.75,8516.55,8530.8,165952155,8200.05
"26-Mar-2015",8474.95,8499.45,8325.35,8342.15,288758332,13667.31
"27-Mar-2015",8396,8413.2,8269.15,8341.4,198979321,9528.86
"30-Mar-2015",8390.95,8504.55,8380.75,8492.3,142061290,6713.2
"31-Mar-2015",8527.6,8550.45,8454.15,8491,177059509,8108.36
"01-Apr-2015",8483.7,8603.4,8464.75,8586.25,136312446,6863.03
"06-Apr-2015",8615.8,8667.55,8573.75,8659.9,150877855,7633
"07-Apr-2015",8684.45,8693.6,8586.85,8660.3,141765381,7287.01
"08-Apr-2015",8698.95,8730.5,8679.8,8714.4,149617725,7889.65
"09-Apr-2015",8756.2,8785.5,8682.45,8778.3,158192905,8391.19
"10-Apr-2015",8774.35,8787.4,8733.6,8780.35,141464357,7119.96
"13-Apr-2015",8801.75,8841.65,8762.1,8834,122833397,6242.71
"15-Apr-2015",8844.75,8844.8,8722.4,8750.2,170458015,8908.26
"16-Apr-2015",8757.05,8760,8645.65,8706.7,149337173,8268.33
"17-Apr-2015",8698.05,8699.85,8596.7,8606,155474164,9134.37
"20-Apr-2015",8618.8,8619.95,8422.75,8448.1,154492312,8930.38
"21-Apr-2015",8416.1,8469.35,8352.7,8377.75,418959074,32873.45
"22-Apr-2015",8400.4,8449.95,8284.7,8429.7,176926942,10002.48
"23-Apr-2015",8478.2,8504.95,8361.85,8398.3,169840748,9801.34
"24-Apr-2015",8405.7,8413.3,8273.35,8305.25,177843969,10984.24
"27-Apr-2015",8330.55,8334.45,8202.35,8213.8,174706337,10143.36
"28-Apr-2015",8215.55,8308,8185.15,8285.6,183754628,9560.13
"29-Apr-2015",8274.8,8308.2,8219.2,8239.75,174958511,8571.95
"30-Apr-2015",8224.5,8229.4,8144.75,8181.5,281696257,14755.35
"04-May-2015",8230.05,8346,8220.45,8331.95,136913823,7856.18
"05-May-2015",8338.4,8355.65,8280.6,8324.8,156019941,8138.54
"06-May-2015",8316.6,8331.95,8083,8097,212509839,10894.12
"07-May-2015",8077,8122.6,7997.15,8057.3,166563657,8443.96
"08-May-2015",8131.5,8224.95,8123.45,8191.5,188776090,8961.33
"11-May-2015",8243.2,8332.75,8224.65,8325.25,197882948,8396.12
"12-May-2015",8326.15,8326.65,8115.3,8126.95,178753978,8779.53
"13-May-2015",8181.55,8254.95,8089.8,8235.45,175015183,8391.93
"14-May-2015",8232.45,8236.25,8137.3,8224.2,138964395,6763.72
"15-May-2015",8240.3,8279.2,8212.2,8262.35,133838055,6463.64
"18-May-2015",8284.95,8384.6,8271.95,8373.65,153340463,7459.18
"19-May-2015",8356.2,8427.8,8335,8365.65,144642344,7266.52
"20-May-2015",8392.65,8440.35,8391.45,8423.25,127388797,6151.44
"21-May-2015",8434.5,8446.35,8382.5,8421,148189485,7641.6
"22-May-2015",8432.5,8489.55,8420.6,8458.95,193080657,8261.69
"25-May-2015",8438.15,8441.95,8364.15,8370.25,125051166,5555.29
"26-May-2015",8377.1,8378.9,8320.05,8339.35,120428892,5908.3
"27-May-2015",8302.75,8342.85,8277.95,8334.6,170583401,8131.59
"28-May-2015",8345.7,8364.5,8270.15,8319,239549060,11449.91
"29-May-2015",8327.1,8443.9,8305.7,8433.65,375232198,20736.2
"01-Jun-2015",8417.25,8467.15,8405.4,8433.4,125990614,7254.01
"02-Jun-2015",8442.8,8445.35,8226.05,8236.45,151337661,8083.17
"03-Jun-2015",8232.45,8236.7,8094.15,8135.1,176661646,7920.26
"04-Jun-2015",8155.15,8160.05,8056.75,8130.65,159470840,7560.49
"05-Jun-2015",8119.15,8191,8100.15,8114.7,167055308,7588.4
"08-Jun-2015",8124.35,8131,8030.55,8044.15,140075743,6230.61
"09-Jun-2015",8026.5,8057.15,8005.15,8022.4,140217686,6442.05
"10-Jun-2015",8024.15,8152.25,8023.8,8124.45,141030200,6790.27
"11-Jun-2015",8157.3,8163.05,7958.25,7965.35,171348959,7868.44
"12-Jun-2015",7959.85,7995.6,7940.3,7982.9,140839875,6737.25
"15-Jun-2015",7986.6,8057.7,7944.85,8013.9,137116389,6129.12
"16-Jun-2015",8004.2,8061.85,7952.35,8047.3,127809460,5923.8
"17-Jun-2015",8084.2,8136.85,8048.95,8091.55,157205716,7878.66
"18-Jun-2015",8113.7,8186.9,8101.8,8174.6,149266110,7767.77
"19-Jun-2015",8201.15,8250.8,8195.65,8224.95,151575997,7722.05
"22-Jun-2015",8259.3,8369.45,8257.4,8353.1,126542473,6163.02
"23-Jun-2015",8377.45,8398.45,8334.95,8381.55,135844708,6437.33
"24-Jun-2015",8399.4,8421.35,8338.9,8360.85,134062733,7175.22
"25-Jun-2015",8336.25,8423.15,8329.5,8398,207421340,9911.16
"26-Jun-2015",8393.95,8408.55,8339.7,8381.1,113959476,5848.78
"29-Jun-2015",8247.05,8329.45,8195.65,8318.4,136106699,6604.12
"30-Jun-2015",8316.35,8378,8298.95,8368.5,163366250,8425.52
"01-Jul-2015",8376.25,8481.6,8370.15,8453.05,135887471,6938.05
"02-Jul-2015",8471.95,8479.25,8433.2,8444.9,115472141,6065.26
"03-Jul-2015",8440.1,8497.75,8424.15,8484.9,91142979,4983.21
"06-Jul-2015",8386.15,8533.15,8386.15,8522.15,104578132,5517.86
"07-Jul-2015",8525.5,8561.35,8483.85,8510.8,126038231,6054.41
"08-Jul-2015",8439.2,8457.5,8341.4,8363.05,193886999,8876.81
"09-Jul-2015",8364.85,8400.3,8323,8328.55,135358659,6610.4
"10-Jul-2015",8365.7,8377.1,8315.4,8360.55,158883926,8128.47
"13-Jul-2015",8397.25,8471.65,8355.4,8459.65,121380175,6506.28
"14-Jul-2015",8470.6,8480.25,8424.1,8454.1,104893796,5454.41
"15-Jul-2015",8463.4,8531.4,8462.95,8523.8,108835522,5805.53
"16-Jul-2015",8546.15,8616.1,8542.9,8608.05,119637042,6544.15
"17-Jul-2015",8623.65,8642.95,8593.15,8609.85,108190401,5713.13
"20-Jul-2015",8623.9,8624.1,8559,8603.45,93439295,5107.62
"21-Jul-2015",8601.5,8646.75,8517.9,8529.45,169151098,10699.52
"22-Jul-2015",8512.25,8643.9,8498.65,8633.5,141018383,7427.34
"23-Jul-2015",8643.95,8654.75,8573.8,8589.8,136962516,7747.81
"24-Jul-2015",8588.15,8589.15,8513.5,8521.55,131344832,6942.22
"27-Jul-2015",8492.1,8492.2,8351.55,8361,140828066,7353.09
"28-Jul-2015",8371.1,8397.4,8321.75,8337,179983810,8403.15
"29-Jul-2015",8365.6,8381.5,8338.45,8375.05,145399010,7232.34
"30-Jul-2015",8417,8458.9,8408.3,8421.8,221939186,10007.3
"31-Jul-2015",8456.1,8548.95,8448,8532.85,209629301,9522.19
"03-Aug-2015",8510.65,8563.95,8508.1,8543.05,161485758,7738.1
"04-Aug-2015",8564.1,8565.15,8448.25,8516.9,193226091,9003.82
"05-Aug-2015",8547.45,8591.85,8545.85,8567.95,136948290,6434.82
"06-Aug-2015",8585.8,8606.3,8551.5,8588.65,139116393,6595.25
"07-Aug-2015",8580.8,8595.95,8552.7,8564.6,148073594,6528.28
"10-Aug-2015",8577,8621.55,8497.8,8525.6,127194886,5780.49
"11-Aug-2015",8548.45,8556.25,8441.3,8462.35,159192694,7049.29
"12-Aug-2015",8445.7,8446.95,8337.95,8349.45,195904304,8630.35
"13-Aug-2015",8384.45,8429.5,8339.75,8355.85,195079107,7840.58
"14-Aug-2015",8402.35,8530.1,8381.2,8518.55,160680260,7090.58
"17-Aug-2015",8530.5,8530.6,8428.05,8477.3,180083830,6543.01
"18-Aug-2015",8505.85,8525.75,8433.6,8466.55,157991554,6501.24
"19-Aug-2015",8468.05,8520.45,8425.95,8495.15,134512114,6338.67
"20-Aug-2015",8471.05,8501.35,8359.75,8372.75,189841783,9193.19
"21-Aug-2015",8305.4,8322.2,8225.05,8299.95,207542070,9606.33
"24-Aug-2015",8055.95,8060.05,7769.4,7809,322096413,13856.66
"25-Aug-2015",7895.4,7925.4,7667.25,7880.7,308255265,13420.76
"26-Aug-2015",7865.25,7930.05,7777.1,7791.85,223261362,10207.56
"27-Aug-2015",7921.6,7963.6,7862.3,7948.95,314422773,14282.73
"28-Aug-2015",8053.7,8091.8,7961.65,8001.95,201572450,8641.87
"31-Aug-2015",8009.25,8043.6,7947.95,7971.3,204254629,9547.7
"01-Sep-2015",7907.95,7929.1,7746.5,7785.85,190581167,8633.26
"02-Sep-2015",7856.65,7862.55,7699.25,7717,222003483,9794.29
"03-Sep-2015",7774.45,7845.6,7754.05,7823,160609681,7060.37
"04-Sep-2015",7803.4,7804.9,7626.85,7655.05,199569987,8200.69
"07-Sep-2015",7685.85,7705.05,7545.9,7558.8,145763902,5768.15
"08-Sep-2015",7587.7,7720.9,7539.5,7688.25,177514609,7380.17
"09-Sep-2015",7805.85,7846.05,7764.55,7818.6,214842731,8550.1
"10-Sep-2015",7729.05,7819.85,7678.5,7788.1,165313439,6992.42
"11-Sep-2015",7833.8,7864.85,7759.9,7789.3,140576943,6014.16
"14-Sep-2015",7811.1,7879.95,7761.85,7872.25,126630775,5277.75
"15-Sep-2015",7867.35,7880,7799.75,7829.1,140722007,6252.35
"16-Sep-2015",7886.85,7913.9,7853.3,7899.15,144331414,6650.61
"18-Sep-2015",7967.45,8055,7955.85,7981.9,249313429,11328.64
"21-Sep-2015",7911.5,7987.9,7908.35,7977.1,125628591,5482.45
"22-Sep-2015",8014.8,8021.6,7787.75,7812,173569429,7887.06
"23-Sep-2015",7737.35,7882.9,7723.25,7845.95,151196367,6869.26
"24-Sep-2015",7838.4,7894.5,7804.1,7868.5,208766516,9732.18
"28-Sep-2015",7892.8,7893.95,7787.95,7795.7,140480206,7120.05
"29-Sep-2015",7725.7,7926.55,7691.2,7843.3,248106979,11184.67
"30-Sep-2015",7924.25,7957.7,7874.5,7948.9,217187896,9981.56
"01-Oct-2015",7992.05,8008.25,7930.65,7950.9,161809883,8896.78
"05-Oct-2015",8005.1,8128.9,8005.1,8119.3,188830270,9589.63
"06-Oct-2015",8180.45,8180.95,8096.5,8152.9,184037905,8461.64
"07-Oct-2015",8146.2,8188.9,8132.9,8177.4,199911165,7894.19
"08-Oct-2015",8196.75,8196.75,8105.85,8129.35,177030502,7837.16
"09-Oct-2015",8186.35,8232.2,8139.65,8189.7,205859184,7960.62
"12-Oct-2015",8231.5,8244.5,8128.2,8143.6,205255913,7604.3
"13-Oct-2015",8121.95,8150.25,8088.6,8131.7,150431773,6877.36
"14-Oct-2015",8102.4,8139.3,8096.35,8107.9,143158108,6607.21
"15-Oct-2015",8134.35,8190.55,8129.8,8179.5,172429864,7625.17
"16-Oct-2015",8193.65,8246.4,8147.65,8238.15,161153559,6956.78
"19-Oct-2015",8262.55,8283.05,8239.2,8275.05,128300205,6880.43
"20-Oct-2015",8280.3,8294.05,8229.2,8261.65,159947752,7661.53
"21-Oct-2015",8258.35,8294.4,8217.15,8251.7,149270047,6689.35
"23-Oct-2015",8308.25,8328.1,8280.75,8295.45,156664310,7466.28
"26-Oct-2015",8333.65,8336.3,8252.05,8260.55,138006303,6799.49
"27-Oct-2015",8230.35,8241.95,8217.05,8232.9,161493491,8271.49
"28-Oct-2015",8188.9,8209.1,8131.8,8171.2,194708669,9131.44
"29-Oct-2015",8175.45,8179.6,8098,8111.75,224234135,10569.95
"30-Oct-2015",8123.55,8146.1,8044.4,8065.8,205663493,9218.39
"02-Nov-2015",8054.55,8060.7,7995.6,8050.8,140323983,6552.67
"03-Nov-2015",8086.35,8100.35,8031.75,8060.7,136625382,5955.64
"04-Nov-2015",8104.9,8116.1,8027.3,8040.2,125935846,5696.01
"05-Nov-2015",8030.35,8031.2,7944.1,7955.45,136223827,6001.38
"06-Nov-2015",7956.55,8002.65,7926.15,7954.3,226329409,8771.77
"09-Nov-2015",7788.25,7937.75,7771.7,7915.2,218422388,9376.17
"10-Nov-2015",7877.6,7885.1,7772.85,7783.35,170267413,7153.47
"11-Nov-2015",7838.8,7847.95,7819.1,7825,22380435,1123.44
"13-Nov-2015",7762.45,7775.1,7730.9,7762.25,165876819,7731.55
"16-Nov-2015",7732.95,7838.85,7714.15,7806.6,154134885,6871.15
"17-Nov-2015",7848.75,7860.45,7793,7837.55,149451211,6367.14
"18-Nov-2015",7823.15,7843.4,7725.05,7731.8,148037721,6112.32
"19-Nov-2015",7788.5,7854.9,7765.45,7842.75,136702518,7410.15
"20-Nov-2015",7841.9,7906.95,7817.8,7856.55,156610433,7298.01
"23-Nov-2015",7869.5,7877.5,7825.2,7849.25,130871603,6099.09
"24-Nov-2015",7837,7870.35,7812.65,7831.6,134562905,6686.27
"26-Nov-2015",7837.15,7897.1,7832,7883.8,226632193,11054.04
"27-Nov-2015",7910.6,7959.3,7879.45,7942.7,154863047,7068.72
"30-Nov-2015",7936.25,7966,7922.8,7935.25,223041699,15368.67
"01-Dec-2015",7958.15,7972.15,7934.15,7954.9,142945421,6796.67
"02-Dec-2015",7976.7,7979.3,7910.8,7931.35,130207404,6242.53
"03-Dec-2015",7902.3,7912.3,7853.3,7864.15,129628400,5636.41
"04-Dec-2015",7817.6,7821.4,7775.7,7781.9,157231681,7758.36
"07-Dec-2015",7816.55,7825.4,7746.05,7765.4,141893279,6403.97
"08-Dec-2015",7738.5,7771.25,7685.45,7701.7,139318392,5986.06
"09-Dec-2015",7695.5,7702.85,7606.9,7612.5,144315690,6599.6
"10-Dec-2015",7643.3,7691.95,7610,7683.3,145249292,6492.02
"11-Dec-2015",7699.6,7703.05,7575.3,7610.45,172996480,6894.44
"14-Dec-2015",7558.2,7663.95,7551.05,7650.05,153492615,6290.42
"15-Dec-2015",7659.15,7705,7625.1,7700.9,138479057,6152.14
"16-Dec-2015",7725.25,7776.6,7715.75,7750.9,159149338,6703.76
"17-Dec-2015",7783.05,7852.9,7737.55,7844.35,181256780,7367.15
"18-Dec-2015",7828.9,7836.15,7753.35,7761.95,197319843,8074.5
"21-Dec-2015",7745.65,7840.75,7733.45,7834.45,130174102,5558.38
"22-Dec-2015",7829.4,7846.3,7776.85,7786.1,129633328,5028.11
"23-Dec-2015",7830.45,7871.45,7826.1,7865.95,121480721,4663.45
"24-Dec-2015",7888.75,7888.75,7835.5,7861.05,96374245,3383.99
"28-Dec-2015",7863.2,7937.2,7863,7925.15,126737811,5755.48
"29-Dec-2015",7929.2,7942.15,7902.75,7928.95,116535971,4950.36
"30-Dec-2015",7938.6,7944.75,7889.85,7896.25,110145855,4392.87
"31-Dec-2015",7897.8,7955.55,7891.15,7946.35,155645098,6780.85
"01-Jan-2016",7938.45,7972.55,7909.8,7963.2,64843836,2613.91
"04-Jan-2016",7924.55,7937.55,7781.1,7791.3,138864905,5897.08
"05-Jan-2016",7828.4,7831.2,7763.25,7784.65,149672973,5948.51
"06-Jan-2016",7788.05,7800.95,7721.2,7741,151715828,6722.17
"07-Jan-2016",7673.35,7674.95,7556.6,7568.3,194732861,7803.21
"08-Jan-2016",7611.65,7634.1,7581.05,7601.35,162348690,6753.57
"11-Jan-2016",7527.45,7605.1,7494.35,7563.85,194836791,7327.15
"12-Jan-2016",7587.2,7588.3,7487.8,7510.3,168975973,7071.48
"13-Jan-2016",7557.9,7590.95,7425.8,7562.4,221908258,9585.17
"14-Jan-2016",7467.4,7604.8,7443.8,7536.8,206988549,9246.75
"15-Jan-2016",7561.65,7566.5,7427.3,7437.8,203643071,8279.07
"18-Jan-2016",7420.35,7463.65,7336.4,7351,240798183,8431.56
"19-Jan-2016",7381.8,7462.75,7364.15,7435.1,194068339,7038.84
"20-Jan-2016",7357,7470.9,7241.5,7309.3,232614141,8794.16
"21-Jan-2016",7376.65,7398.7,7250,7276.8,248113284,9401.16
"22-Jan-2016",7355.7,7433.4,7327.6,7422.45,236282061,7666.39
"25-Jan-2016",7468.75,7487.15,7421.2,7436.15,168202502,5910.99
"27-Jan-2016",7469.6,7477.9,7419.7,7437.75,193389891,6834.77
"28-Jan-2016",7426.5,7468.85,7409.6,7424.65,283036298,10049.88
"29-Jan-2016",7413.35,7575.65,7402.8,7563.55,307934042,11277.33
"01-Feb-2016",7589.5,7600.45,7541.25,7555.95,206645021,8209.5
"02-Feb-2016",7566.65,7576.3,7428.05,7455.55,237338907,8030.99
"03-Feb-2016",7392.45,7419.4,7350.3,7361.8,197863301,6748.17
"04-Feb-2016",7411.45,7457.05,7365.95,7404,229563364,7465.35
"05-Feb-2016",7418.25,7503.15,7406.65,7489.1,257518899,8628.24
"08-Feb-2016",7489.7,7512.55,7363.2,7387.25,176758985,5746.45
"09-Feb-2016",7303.95,7323.45,7275.15,7298.2,218730280,7415.13
"10-Feb-2016",7264.3,7271.85,7177.75,7215.7,254481339,8129.65
"11-Feb-2016",7203.6,7208.65,6959.95,6976.35,301302956,9250.27
"12-Feb-2016",7023.65,7034.8,6869,6980.95,344210729,11062.63
"15-Feb-2016",7057.35,7182.8,7056.8,7162.95,365217073,10204.34
"16-Feb-2016",7201.25,7204.65,7037.7,7048.25,261607451,7638.39
"17-Feb-2016",7058.85,7123.7,6960.65,7108.45,268017961,7686.32
"18-Feb-2016",7177.4,7215.1,7127.85,7191.75,254331498,8051.51
"19-Feb-2016",7170.55,7226.85,7145.95,7210.75,198206480,6156.58
"22-Feb-2016",7208.85,7252.4,7200.7,7234.55,159162842,5832.89
"23-Feb-2016",7240.3,7241.7,7090.7,7109.55,200396978,6433.16
"24-Feb-2016",7075,7090.8,7009.75,7018.7,205898417,6497.18
"25-Feb-2016",7029.85,7034.2,6961.4,6970.6,291932544,9090.16
"26-Feb-2016",7039.3,7052.9,6985.1,7029.75,213142575,6880.96
"29-Feb-2016",7050.45,7094.6,6825.8,6987.05,487969285,15992.15
"01-Mar-2016",7038.25,7235.5,7035.1,7222.3,283561570,9896.58
"02-Mar-2016",7321.7,7380.35,7308.15,7368.85,348965708,10983.06
"03-Mar-2016",7429.55,7483.95,7406.05,7475.6,287248532,9255.43
"04-Mar-2016",7505.4,7505.9,7444.1,7485.35,290441230,8135.06
"08-Mar-2016",7486.4,7527.15,7442.15,7485.3,264945393,8417.86
"09-Mar-2016",7436.1,7539,7424.3,7531.8,252709391,9036.29
"10-Mar-2016",7545.35,7547.1,7447.4,7486.15,231584305,8875.92
"11-Mar-2016",7484.85,7543.95,7460.6,7510.2,204806572,7558.55
"14-Mar-2016",7542.6,7583.7,7515.05,7538.75,172067214,6330.45
"15-Mar-2016",7535.85,7545.2,7452.8,7460.6,199653871,7577.78
"16-Mar-2016",7457.05,7508,7405.15,7498.75,201430035,7102.59
"17-Mar-2016",7557.4,7585.3,7479.4,7512.55,247043954,9539.89
"18-Mar-2016",7534.65,7613.6,7517.9,7604.35,244727490,9971.59
"21-Mar-2016",7619.2,7713.55,7617.7,7704.25,202853386,8381.51
"22-Mar-2016",7695.55,7728.2,7643.8,7714.9,215355848,8628.05
"23-Mar-2016",7717.45,7726.85,7670.6,7716.5,205794773,7612.54
"28-Mar-2016",7741,7749.4,7587.7,7615.1,249905118,10102.36
"29-Mar-2016",7606.55,7652.9,7582.25,7597,223493457,10474.75
"30-Mar-2016",7651.1,7741.95,7643.45,7735.2,239843751,9908.6
"31-Mar-2016",7727.65,7777.6,7702,7738.4,391914059,15918.74
"01-Apr-2016",7718.05,7740.15,7666.1,7713.05,189571551,8118.47
"04-Apr-2016",7733.15,7764.45,7704.4,7758.8,160277940,6506.44
"05-Apr-2016",7736.3,7736.3,7588.65,7603.2,210126897,8412.34
"06-Apr-2016",7636.05,7638.65,7591.75,7614.35,170653808,6802.69
"07-Apr-2016",7630.4,7630.75,7535.85,7546.45,241684050,7709.23
"08-Apr-2016",7542.35,7569.35,7526.7,7555.2,147816460,5981.23
"11-Apr-2016",7577.8,7678.8,7516.85,7671.4,185353268,7055.61
"12-Apr-2016",7669.25,7717.4,7663.35,7708.95,168508978,6945.44
"13-Apr-2016",7777.15,7864.8,7772.2,7850.45,227217288,10071.44
"18-Apr-2016",7908.15,7920.6,7842.75,7914.7,190258561,10356.03
"20-Apr-2016",7950.05,7950.4,7877.55,7914.75,211630060,10069.83
"21-Apr-2016",7953.65,7978.45,7884.1,7912.05,230577117,9613.3
"22-Apr-2016",7891.8,7923.35,7873.35,7899.3,188988540,7714.04
"25-Apr-2016",7894.8,7911,7827,7855.05,150776959,7362.13
"26-Apr-2016",7828.15,7974.5,7822.55,7962.65,208656803,9686.21
"27-Apr-2016",7942,7991,7940.55,7979.9,213174058,9669.04
"28-Apr-2016",7967.4,7992,7834.45,7847.25,301485186,14943.3
"29-Apr-2016",7844.25,7889.05,7788.7,7849.8,251227047,9872.58
"02-May-2016",7822.7,7829.8,7777.3,7805.9,150818181,6079.16
"03-May-2016",7824.8,7890.25,7735.15,7747,192271370,8536.83
"04-May-2016",7724.15,7749,7697.25,7706.55,205939089,7816.27
"05-May-2016",7731,7777.55,7706.85,7735.5,190792828,8089.45
"06-May-2016",7717.65,7738.9,7678.35,7733.45,168662226,6296.51
"09-May-2016",7755.25,7873.65,7753.55,7866.05,165616829,7559.77
"10-May-2016",7873.55,7896.9,7837.7,7887.8,166957276,7306.72
"11-May-2016",7804.65,7893.1,7780.9,7848.85,220712496,9394.05
"12-May-2016",7871.45,7916.05,7849.65,7900.4,157444918,7171.91
"13-May-2016",7881,7881,7784.2,7814.9,185061782,10152.08
"16-May-2016",7831.2,7873.9,7772.15,7860.75,211547775,7790.24
"17-May-2016",7896.85,7940.1,7879.7,7890.75,189140810,8195.95
"18-May-2016",7846.75,7882.05,7810.75,7870.15,161169418,7333.13
"19-May-2016",7875.5,7876.2,7766.8,7783.4,175711829,7163.38
"20-May-2016",7792.2,7812.4,7735.75,7749.7,161889432,6798.89
"23-May-2016",7813.95,7820.6,7722.2,7731.05,177347948,7141.74
"24-May-2016",7738.05,7761.55,7715.8,7748.85,151538169,6119.23
"25-May-2016",7811.8,7941.2,7809.3,7934.9,181636649,8202.39
"26-May-2016",7974.45,8083,7948.5,8069.65,272456307,12422
"27-May-2016",8081.95,8164.2,8077.05,8156.65,268963949,10607.22
"30-May-2016",8166.5,8200,8150.8,8178.5,255086293,9199.38
"31-May-2016",8209.85,8213.6,8134.3,8160.1,485645737,21491.53
"01-Jun-2016",8179.2,8215.35,8171.05,8179.95,200371829,8408.53
"02-Jun-2016",8156.9,8229.5,8154.75,8218.95,187316365,8389.69
"03-Jun-2016",8246.2,8262,8209.85,8220.8,390652017,10762.52
"06-Jun-2016",8228.75,8234.7,8186.05,8201.05,176885226,7657.92
"07-Jun-2016",8235.55,8294.95,8216.4,8266.45,249365706,10462.49
"08-Jun-2016",8285.5,8288.9,8252.05,8273.05,179710369,7614.02
"09-Jun-2016",8273.35,8273.35,8184.6,8203.6,180293039,7973.1
"10-Jun-2016",8180.25,8265.6,8162.85,8170.05,187757375,7853.83
"13-Jun-2016",8102.25,8125.25,8063.9,8110.6,174916286,7343.99
"14-Jun-2016",8134.4,8134.95,8069.5,8108.85,150042362,6003.23
"15-Jun-2016",8139.4,8213.2,8123.15,8206.6,174953935,6945.89
"16-Jun-2016",8180.65,8180.65,8074.45,8140.75,195028743,7764.57
"17-Jun-2016",8176.65,8195.25,8135.8,8170.2,171842760,7741.9
"20-Jun-2016",8115.75,8244.15,8107.35,8238.5,173750792,7392.97
"21-Jun-2016",8255.4,8257.25,8202.15,8219.9,141161921,5978.26
"22-Jun-2016",8213.65,8238.35,8153.25,8203.7,140268297,6377.69
"23-Jun-2016",8201.15,8285.6,8188.3,8270.45,158852677,6805.86
"24-Jun-2016",8029.1,8100.7,7927.05,8088.6,306803641,13263.08
"27-Jun-2016",8039.35,8120.65,8039.35,8094.7,167462711,7614.06
"28-Jun-2016",8096.05,8146.35,8086.85,8127.85,175724276,7777.39
"29-Jun-2016",8173.1,8212.4,8157.65,8204,151499716,6940.87
"30-Jun-2016",8260.25,8308.15,8242.1,8287.75,288031935,12346.32
"01-Jul-2016",8313.05,8356.75,8308.65,8328.35,170581881,7358.38
"04-Jul-2016",8376.75,8398.45,8364.7,8370.7,158955823,6662.92
"05-Jul-2016",8379.3,8381.45,8319.95,8335.95,143253937,5976.01
"07-Jul-2016",8342,8361.95,8317.7,8337.9,160327315,7592.94
"08-Jul-2016",8350,8353.3,8287.55,8323.2,142159935,6886.33
"11-Jul-2016",8413.35,8475.25,8407.05,8467.9,154399933,7576.69
"12-Jul-2016",8502.6,8526.6,8479.2,8521.05,189339750,7873.74
"13-Jul-2016",8540.45,8550.25,8493.55,8519.5,201492184,8284.38
"14-Jul-2016",8515.75,8571.4,8500.7,8565,158738499,6890.07
"15-Jul-2016",8565.45,8594.8,8510.05,8541.4,228598684,12375.84
"18-Jul-2016",8564.05,8587.1,8494.35,8508.7,169400452,8200.06
"19-Jul-2016",8514.3,8540.05,8476.7,8528.55,173050805,7928.14
"20-Jul-2016",8515.45,8569.9,8512.55,8565.85,165349380,7936.36
"21-Jul-2016",8582.7,8585.25,8503.45,8510.1,154575685,7399.71
"22-Jul-2016",8519.65,8548.95,8489.8,8541.2,147619642,6504
"25-Jul-2016",8519.95,8641.15,8517.2,8635.65,154631398,7850.12
"26-Jul-2016",8633.75,8644.9,8577.15,8590.65,159563469,8765.45
"27-Jul-2016",8599.4,8665,8572.05,8615.8,189796380,10885.88
"28-Jul-2016",8636.95,8674.7,8625.25,8666.3,240721865,12998.06
"29-Jul-2016",8668.3,8670.35,8631.15,8638.5,161935155,8428.8
"01-Aug-2016",8654.3,8711.3,8590.5,8636.55,194186858,9881.67
"02-Aug-2016",8647.45,8687.2,8611.4,8622.9,174556789,8652.31
"03-Aug-2016",8635.2,8635.45,8529.6,8544.85,168033073,8507.82
"04-Aug-2016",8599.95,8601.4,8518.15,8551.1,169780463,7399.03
"05-Aug-2016",8600.2,8689.4,8590.15,8683.15,162784913,7635.01
"08-Aug-2016",8712.85,8723.5,8697.6,8711.35,177877012,7862.15
"09-Aug-2016",8727.8,8728.35,8638.2,8678.25,206261255,9111.4
"10-Aug-2016",8686.7,8690.1,8564.6,8575.3,178963496,8206.18
"11-Aug-2016",8572.8,8601.15,8540.05,8592.15,195114539,8634.8
"12-Aug-2016",8605.45,8684.3,8604.45,8672.15,272014034,11998.86
"16-Aug-2016",8670.25,8682.35,8600.45,8642.55,231771409,10937.35
"17-Aug-2016",8639.8,8667.1,8603.6,8624.05,179540691,8161.38
"18-Aug-2016",8648.85,8690.7,8645.05,8673.25,169431656,7900.6
"19-Aug-2016",8694.3,8696.6,8647.1,8666.9,197770568,8354.88
"22-Aug-2016",8667,8684.85,8614,8629.15,156976546,7394.57
"23-Aug-2016",8628.35,8642.15,8580,8632.6,193302503,7309.82
"24-Aug-2016",8648.5,8661.05,8620.9,8650.3,154168043,7199.72
"25-Aug-2016",8668.85,8683.05,8583.65,8592.2,219736214,10508.32
"26-Aug-2016",8614.35,8622.95,8547.55,8572.55,152146666,7153.37
"29-Aug-2016",8583.75,8622,8543.75,8607.45,133723771,6857.99
"30-Aug-2016",8646.75,8750.6,8642.25,8744.35,154828719,8392.76
"31-Aug-2016",8754.05,8819.2,8754.05,8786.2,373422334,22534.29
"01-Sep-2016",8793.6,8813.25,8759.95,8774.65,246336047,9653.93
"02-Sep-2016",8796.35,8824.1,8768.2,8809.65,197385217,8231.93
"06-Sep-2016",8852.7,8950.85,8848.45,8943,201617132,9571.31
"07-Sep-2016",8968.7,8968.7,8913.35,8917.95,299145644,11430.95
"08-Sep-2016",8915.5,8960.35,8896,8952.5,223937056,10773.98
"09-Sep-2016",8934.3,8939.15,8858.7,8866.7,181344327,9976.28
"12-Sep-2016",8732.95,8746.95,8699.4,8715.6,190199613,9248.73
"14-Sep-2016",8710.65,8739.85,8688.9,8726.6,189984289,9112.57
"15-Sep-2016",8743.85,8751.95,8704.35,8742.55,149889703,7347.34
"16-Sep-2016",8780.85,8847.65,8750.5,8779.85,274039556,14430.63
"19-Sep-2016",8788.45,8824.3,8774.2,8808.4,135814177,7364.64
"20-Sep-2016",8816.1,8816.45,8759.3,8775.9,140718486,7035.07
"21-Sep-2016",8790.3,8826.85,8757.3,8777.15,153441330,7572.41
"22-Sep-2016",8873.35,8893.35,8837.8,8867.45,178136644,9305.56
"23-Sep-2016",8880.75,8885.2,8820.3,8831.55,191618169,9793.98
"26-Sep-2016",8807.9,8809.55,8715.1,8723.05,169050086,8518.5
"27-Sep-2016",8748.9,8768.5,8690.5,8706.4,156100521,7446.12
"28-Sep-2016",8711.2,8767.05,8703.15,8745.15,170643694,8348.19
"29-Sep-2016",8792.7,8800.65,8558.25,8591.25,384395249,19467.3
"30-Sep-2016",8581.5,8637.15,8555.2,8611.15,187333285,8849.27
"03-Oct-2016",8666.15,8745.2,8635,8738.1,141472076,7173.62
"04-Oct-2016",8770,8783.65,8736.1,8769.15,189990151,8251.59
"05-Oct-2016",8806.35,8806.95,8731.4,8743.95,162103951,6866.33
"06-Oct-2016",8768.7,8781.15,8684.65,8709.55,168713605,8114.93
"07-Oct-2016",8721.7,8723.7,8663.8,8697.6,155053800,8144.3
"10-Oct-2016",8735.35,8745.8,8703.95,8708.8,111794053,5159.83
"13-Oct-2016",8671.5,8681.55,8541.35,8573.35,218861324,10581.55
"14-Oct-2016",8594,8604.45,8549.8,8583.4,167848947,9613.47
"17-Oct-2016",8612.95,8615.4,8506.15,8520.4,203516577,8590.35
"18-Oct-2016",8556.05,8685.1,8555.9,8677.9,216626083,9162.11
"19-Oct-2016",8697.5,8698.75,8636.7,8659.1,177397872,7790.01
"20-Oct-2016",8693.35,8727,8678.3,8699.4,165952091,7120.32
"21-Oct-2016",8708.6,8709.1,8652.05,8693.05,162162047,8022.44
"24-Oct-2016",8709.85,8736.95,8684.15,8708.95,161966274,6876.28
"25-Oct-2016",8721.7,8722.65,8663.45,8691.3,195696479,8718.02
"26-Oct-2016",8657.3,8657.3,8596.6,8615.25,226133074,9696.9
"27-Oct-2016",8607.1,8624.85,8550.25,8615.25,250336333,12300.53
"28-Oct-2016",8625,8653.75,8581.75,8638,180906084,8953.72
"30-Oct-2016",8672.35,8678.25,8616.25,8625.7,16610872,805.89
"01-Nov-2016",8653.15,8669.6,8614.5,8626.25,170068995,8441.3
"02-Nov-2016",8542.8,8549.5,8504.85,8514,160130480,7683.07
"03-Nov-2016",8499.85,8537.65,8476.15,8484.95,175773254,7558.06
"04-Nov-2016",8503.6,8504,8400.25,8433.75,231783152,11798.48
"07-Nov-2016",8535.75,8535.85,8481.45,8497.05,178070534,8436.7
"08-Nov-2016",8540,8559.4,8480.1,8543.55,201759648,8515.57
"09-Nov-2016",8067.5,8476.2,8002.25,8432,323968654,15536.37
"10-Nov-2016",8555.6,8598.45,8510.7,8525.75,271196930,12386.39
"11-Nov-2016",8456.65,8460.6,8284.95,8296.3,275221694,12485.11
"15-Nov-2016",8284.85,8288.55,8093.2,8108.45,370298063,17387.22
"16-Nov-2016",8205.65,8210.05,8089.4,8111.6,277801233,13705.03
"17-Nov-2016",8105.1,8151.25,8060.3,8079.95,197183084,8713.06
"18-Nov-2016",8097.55,8128.95,8048.3,8074.1,166199545,7901.64
"21-Nov-2016",8102.1,8102.45,7916.4,7929.1,225608889,9199.11
"22-Nov-2016",7989.15,8019.05,7938.15,8002.3,216677654,9000.44
"23-Nov-2016",8051.2,8055.2,7973.1,8033.3,186602328,8681.67
"24-Nov-2016",8011.8,8024.85,7952.55,7965.5,268619026,11868.11
"25-Nov-2016",8007.95,8122.25,7976.75,8114.3,183355873,8920.79
"28-Nov-2016",8080.65,8146.5,8066.5,8126.9,195595287,8666.87
"29-Nov-2016",8131.55,8197.35,8128.7,8142.15,195618384,8486.32
"30-Nov-2016",8172.15,8234.25,8139.25,8224.5,255725357,14473.78
"01-Dec-2016",8244,8250.8,8185.05,8192.9,162597213,7720.96
"02-Dec-2016",8153.55,8159.3,8070.05,8086.8,176767415,8050.5
"05-Dec-2016",8088.75,8141.9,8056.85,8128.75,130435865,6432.02
"06-Dec-2016",8153.15,8178.7,8130.85,8143.15,118854323,5417.56
"07-Dec-2016",8168.4,8190.45,8077.5,8102.05,175024334,7900.03
"08-Dec-2016",8152.1,8256.25,8151.75,8246.85,146857616,7275.01
"09-Dec-2016",8271.7,8274.95,8241.95,8261.75,154344775,6866.81
"12-Dec-2016",8230.65,8230.65,8154.45,8170.8,111432551,5026.02
"13-Dec-2016",8196.15,8228.85,8155.8,8221.8,189739559,8976.54
"14-Dec-2016",8229.35,8229.4,8165.1,8182.45,149132520,6763.63
"15-Dec-2016",8128.4,8225.9,8121.95,8153.6,187425988,8579.44
"16-Dec-2016",8178.2,8178.7,8127.45,8139.45,209268331,9854.07
"19-Dec-2016",8126,8132.5,8094.85,8104.35,110669713,5272.2
"20-Dec-2016",8110.6,8124.1,8062.75,8082.4,132026742,6296.67
"21-Dec-2016",8105.85,8112.55,8053.25,8061.3,127543733,6304.6
"22-Dec-2016",8043.85,8046.45,7964.95,7979.1,126409580,6206.58
"23-Dec-2016",7972.5,8022.6,7942.05,7985.75,127921701,5907.28
"26-Dec-2016",7965.1,7970.05,7893.8,7908.25,110171222,4808.67
"27-Dec-2016",7915.05,8044.65,7903.7,8032.85,122463312,5282.66
"28-Dec-2016",8047.55,8100.55,8028.4,8034.85,130580701,5816.34
"29-Dec-2016",8030.6,8111.1,8020.8,8103.6,183984077,7635.4
"30-Dec-2016",8119.65,8197,8114.75,8185.8,131457250,5800.7
"02-Jan-2017",8210.1,8212,8133.8,8179.5,122016111,5255.49
"03-Jan-2017",8196.05,8219.1,8148.6,8192.25,131186021,6053.67
"04-Jan-2017",8202.65,8218.5,8180.9,8190.5,136476345,6543.13
"05-Jan-2017",8226.65,8282.65,8223.7,8273.8,163957452,8180.68
"06-Jan-2017",8281.85,8306.85,8233.25,8243.8,143689850,7298.74
"09-Jan-2017",8259.35,8263,8227.75,8236.05,102211190,5197.62
"10-Jan-2017",8262.7,8293.8,8261,8288.6,147312927,6904.57
"11-Jan-2017",8327.8,8389,8322.25,8380.65,192285417,8938.68
"12-Jan-2017",8391.05,8417.2,8382.3,8407.2,177948383,7359.24
"13-Jan-2017",8457.65,8461.05,8373.15,8400.35,190949616,9156.16
"16-Jan-2017",8390.95,8426.7,8374.4,8412.8,127938836,6043.67
"17-Jan-2017",8415.05,8440.9,8378.3,8398,125781216,6389.21
"18-Jan-2017",8403.85,8460.3,8397.4,8417,168867039,7411.23
"19-Jan-2017",8418.4,8445.15,8404.05,8435.1,170956149,7324.14
"20-Jan-2017",8404.35,8423.65,8340.95,8349.35,208901233,9014.51
"23-Jan-2017",8329.6,8404.15,8327.2,8391.5,200993100,8664.94
"24-Jan-2017",8407.05,8480.95,8398.15,8475.8,184745781,8524.17
"25-Jan-2017",8499.45,8612.6,8493.95,8602.75,301490150,13901.89
"27-Jan-2017",8610.5,8672.7,8606.9,8641.25,283905821,11568.92
"30-Jan-2017",8635.55,8662.6,8617.75,8632.75,314110760,9333.49
"31-Jan-2017",8629.45,8631.75,8552.4,8561.3,537110119,14721.17
"01-Feb-2017",8570.35,8722.4,8537.5,8716.4,337797412,13494.05
"02-Feb-2017",8724.75,8757.6,8685.8,8734.25,292329202,11555.02
"03-Feb-2017",8735.15,8748.25,8707.75,8740.95,196936238,8193.45
"06-Feb-2017",8785.45,8814.1,8770.2,8801.05,200403782,8701.51
"07-Feb-2017",8805.7,8809.3,8741.05,8768.3,233294532,9060.63
"08-Feb-2017",8774.55,8791.25,8715,8769.05,225485726,9110.24
"09-Feb-2017",8795.55,8821.4,8724.1,8778.4,193282248,8972.67
"10-Feb-2017",8812.35,8822.1,8771.2,8793.55,232947341,10320.17
"13-Feb-2017",8819.8,8826.9,8754.2,8805.05,211180353,8659.48
"14-Feb-2017",8819.9,8820.45,8772.5,8792.3,194133563,8494.44
"15-Feb-2017",8778.95,8807.9,8712.85,8724.7,222828919,10472.37
"16-Feb-2017",8739,8783.95,8719.6,8778,190277738,9695.63
"17-Feb-2017",8883.7,8896.45,8804.25,8821.7,307526025,23432.58
"20-Feb-2017",8818.55,8886.25,8809.8,8879.2,173022362,7833.53
"21-Feb-2017",8890.75,8920.8,8860.95,8907.85,181091326,8863.71
"22-Feb-2017",8931.6,8960.75,8905.25,8926.9,254677956,13514.08
"23-Feb-2017",8956.4,8982.15,8927.55,8939.5,388874096,17243.08
"27-Feb-2017",8943.7,8951.8,8888.65,8896.7,195847099,10388.83
"28-Feb-2017",8898.95,8914.75,8867.6,8879.6,302722890,13819.57
